{"cameraMode":{"drawMode":0,"name":"Shaded","section":"Shading Mode"},"sceneLighting":false,"audioPlay":false,"sceneViewState":{"showFog":true,"showMaterialUpdate":false,"showSkybox":false,"showFlares":true,"showImageEffects":true,"showParticleSystems":true},"in2DMode":false,"pivot":{"x":0.5922528505325317,"y":1.610176682472229,"z":-1.7765963077545167},"rotation":{"x":0.10787738114595413,"y":-0.22517816722393037,"z":0.025181563571095468,"w":0.9680534601211548},"size":3.2509918212890627,"orthographic":false}