{"cameraMode":{"drawMode":0,"name":"Shaded","section":"Shading Mode"},"sceneLighting":false,"audioPlay":false,"sceneViewState":{"showFog":true,"showMaterialUpdate":false,"showSkybox":false,"showFlares":true,"showImageEffects":true,"showParticleSystems":true},"in2DMode":false,"pivot":{"x":-4.469305038452148,"y":7.351876735687256,"z":3.2537431716918947},"rotation":{"x":-0.2915237843990326,"y":0.00286786537617445,"z":-0.0008779180934652686,"w":-0.9565944671630859},"size":5.258754730224609,"orthographic":false}