{"cameraMode":{"drawMode":0,"name":"Shaded","section":"Shading Mode"},"sceneLighting":false,"audioPlay":false,"sceneViewState":{"showFog":true,"showMaterialUpdate":false,"showSkybox":false,"showFlares":true,"showImageEffects":true,"showParticleSystems":true},"in2DMode":false,"pivot":{"x":0.2252730131149292,"y":0.5591604709625244,"z":0.40718233585357668},"rotation":{"x":0.2970433831214905,"y":0.40398553013801577,"z":-0.14050643146038056,"w":0.8537737131118774},"size":1.0210288763046265,"orthographic":false}