{"cameraMode":{"drawMode":0,"name":"Shaded","section":"Shading Mode"},"sceneLighting":true,"audioPlay":false,"sceneViewState":{"showFog":true,"showMaterialUpdate":false,"showSkybox":true,"showFlares":true,"showImageEffects":true,"showParticleSystems":true},"in2DMode":false,"pivot":{"x":23.382450103759767,"y":-10.873222351074219,"z":37.28457260131836},"rotation":{"x":-0.5319811701774597,"y":-0.04720650613307953,"z":0.029694125056266786,"w":-0.844931423664093},"size":28.995222091674806,"orthographic":false}