{"cameraMode":{"drawMode":0,"name":"Shaded","section":"Shading Mode"},"sceneLighting":false,"audioPlay":false,"sceneViewState":{"showFog":true,"showMaterialUpdate":false,"showSkybox":false,"showFlares":true,"showImageEffects":true,"showParticleSystems":true},"in2DMode":false,"pivot":{"x":5.030482292175293,"y":-0.17692850530147553,"z":2.204415798187256},"rotation":{"x":-0.317737877368927,"y":-0.04435618221759796,"z":0.014881854876875878,"w":-0.9470260739326477},"size":5.08320426940918,"orthographic":false}