{"cameraMode":{"drawMode":0,"name":"Shaded","section":"Shading Mode"},"sceneLighting":false,"audioPlay":false,"sceneViewState":{"showFog":true,"showMaterialUpdate":false,"showSkybox":false,"showFlares":true,"showImageEffects":true,"showParticleSystems":true},"in2DMode":false,"pivot":{"x":3.7008564472198488,"y":5.271113872528076,"z":-1.3262951374053956},"rotation":{"x":-0.12935517728328706,"y":-0.6447874903678894,"z":0.11194983869791031,"w":-0.7450230121612549},"size":8.043621063232422,"orthographic":false}