{"cameraMode":{"drawMode":0,"name":"Shaded","section":"Shading Mode"},"sceneLighting":false,"audioPlay":false,"sceneViewState":{"showFog":true,"showMaterialUpdate":false,"showSkybox":false,"showFlares":true,"showImageEffects":true,"showParticleSystems":true},"in2DMode":false,"pivot":{"x":14.404095649719239,"y":-7.52785062789917,"z":8.061469078063965},"rotation":{"x":-0.1905299872159958,"y":-0.5845583081245422,"z":0.14361952245235444,"w":-0.7755255699157715},"size":10.023815155029297,"orthographic":false}