{"cameraMode":{"drawMode":0,"name":"Shaded","section":"Shading Mode"},"sceneLighting":false,"audioPlay":false,"sceneViewState":{"showFog":true,"showMaterialUpdate":false,"showSkybox":false,"showFlares":true,"showImageEffects":true,"showParticleSystems":true},"in2DMode":false,"pivot":{"x":-1.7980040311813355,"y":-1.472294569015503,"z":2.3278491497039797},"rotation":{"x":0.2802923321723938,"y":-0.0037459940649569036,"z":0.0010934040183201433,"w":0.9599084854125977},"size":5.026771068572998,"orthographic":false}