{"cameraMode":{"drawMode":0,"name":"Shaded","section":"Shading Mode"},"sceneLighting":true,"audioPlay":false,"sceneViewState":{"showFog":true,"showMaterialUpdate":false,"showSkybox":true,"showFlares":true,"showImageEffects":true,"showParticleSystems":true},"in2DMode":false,"pivot":{"x":27.24315071105957,"y":-17.327396392822267,"z":49.36027526855469},"rotation":{"x":0.2846585512161255,"y":0.039384402334690097,"z":-0.011704875156283379,"w":0.9577504992485046},"size":27.65704917907715,"orthographic":false}