{"cameraMode":{"drawMode":0,"name":"Shaded","section":"Shading Mode"},"sceneLighting":false,"audioPlay":false,"sceneViewState":{"showFog":true,"showMaterialUpdate":false,"showSkybox":false,"showFlares":true,"showImageEffects":true,"showParticleSystems":true},"in2DMode":false,"pivot":{"x":0.2711961269378662,"y":-0.7412102222442627,"z":2.796159029006958},"rotation":{"x":-0.16996578872203828,"y":-0.304550439119339,"z":0.05532758682966232,"w":-0.935578465461731},"size":4.27200174331665,"orthographic":false}