{"cameraMode":{"drawMode":0,"name":"Shaded","section":"Shading Mode"},"sceneLighting":true,"audioPlay":false,"sceneViewState":{"showFog":true,"showMaterialUpdate":false,"showSkybox":true,"showFlares":true,"showImageEffects":true,"showParticleSystems":true},"in2DMode":false,"pivot":{"x":45.129554748535159,"y":16.546630859375,"z":10.544856071472168},"rotation":{"x":-0.310686320066452,"y":-0.18449977040290833,"z":0.06132783368229866,"w":-0.9305076003074646},"size":1.8750001192092896,"orthographic":false}