{"cameraMode":{"drawMode":0,"name":"Shaded","section":"Shading Mode"},"sceneLighting":false,"audioPlay":false,"sceneViewState":{"showFog":true,"showMaterialUpdate":false,"showSkybox":false,"showFlares":true,"showImageEffects":true,"showParticleSystems":true},"in2DMode":false,"pivot":{"x":0.19719882309436799,"y":1.348136067390442,"z":0.27457284927368166},"rotation":{"x":0.2842276394367218,"y":0.026812385767698289,"z":-0.007868783548474312,"w":0.9584037065505981},"size":4.586329936981201,"orthographic":false}