{"cameraMode":{"drawMode":0,"name":"Shaded","section":"Shading Mode"},"sceneLighting":true,"audioPlay":false,"sceneViewState":{"showFog":true,"showMaterialUpdate":false,"showSkybox":true,"showFlares":true,"showImageEffects":true,"showParticleSystems":true},"in2DMode":false,"pivot":{"x":12.248565673828125,"y":-3.878091812133789,"z":16.622268676757814},"rotation":{"x":0.48555320501327517,"y":-0.04977821558713913,"z":0.02770627848803997,"w":0.8723520040512085},"size":9.348451614379883,"orthographic":false}